G3,pass,learning_plan
6,0,ğŸ“… Attend more classes. | âš ï¸ Limit social outings.
6,0,âœ… Keep up the good work!
10,1,ğŸ” Revise failed subjects. | ğŸ“… Attend more classes. | ğŸš« Reduce alcohol consumption.
15,1,âœ… Keep up the good work!
10,1,âœ… Keep up the good work!
15,1,ğŸ“… Attend more classes.
11,1,âš ï¸ Limit social outings.
6,0,ğŸ“… Attend more classes. | âš ï¸ Limit social outings.
19,1,âœ… Keep up the good work!
15,1,âœ… Keep up the good work!
9,0,âœ… Keep up the good work!
12,1,âœ… Keep up the good work!
14,1,ğŸ“š Increase study time. | ğŸš« Reduce alcohol consumption.
11,1,âœ… Keep up the good work!
16,1,âœ… Keep up the good work!
14,1,ğŸ“š Increase study time. | âš ï¸ Limit social outings.
14,1,ğŸ“… Attend more classes.
10,1,âœ… Keep up the good work!
5,0,ğŸ“š Increase study time. | ğŸ” Revise failed subjects. | ğŸ“… Attend more classes. | âš ï¸ Limit social outings. | ğŸš« Reduce alcohol consumption.
10,1,ğŸ“š Increase study time. | ğŸš« Reduce alcohol consumption.
15,1,âœ… Keep up the good work!
15,1,ğŸ“š Increase study time.
16,1,ğŸš« Reduce alcohol consumption.
12,1,âš ï¸ Limit social outings. | ğŸš« Reduce alcohol consumption.
8,0,âœ… Keep up the good work!
8,0,ğŸ“š Increase study time. | ğŸ” Revise failed subjects. | ğŸ“… Attend more classes. | ğŸš« Reduce alcohol consumption.
11,1,ğŸ“š Increase study time.
15,1,ğŸ“š Increase study time. | âš ï¸ Limit social outings. | ğŸš« Reduce alcohol consumption.
11,1,âœ… Keep up the good work!
11,1,ğŸ“… Attend more classes. | âš ï¸ Limit social outings. | ğŸš« Reduce alcohol consumption.
12,1,ğŸš« Reduce alcohol consumption.
17,1,âœ… Keep up the good work!
16,1,âœ… Keep up the good work!
12,1,âœ… Keep up the good work!
15,1,ğŸ“š Increase study time.
6,0,ğŸ“š Increase study time.
18,1,âœ… Keep up the good work!
15,1,ğŸ“… Attend more classes.
11,1,âœ… Keep up the good work!
13,1,ğŸ“š Increase study time. | ğŸ“… Attend more classes.
11,1,ğŸ” Revise failed subjects. | ğŸ“… Attend more classes.
12,1,ğŸ“š Increase study time. | ğŸ“… Attend more classes. | ğŸš« Reduce alcohol consumption.
18,1,âœ… Keep up the good work!
11,1,ğŸ“š Increase study time.
9,0,ğŸ” Revise failed subjects. | ğŸ“… Attend more classes.
6,0,ğŸ“… Attend more classes.
11,1,ğŸ“… Attend more classes. | âš ï¸ Limit social outings. | ğŸš« Reduce alcohol consumption.
20,1,âœ… Keep up the good work!
14,1,âœ… Keep up the good work!
7,0,ğŸ” Revise failed subjects. | âš ï¸ Limit social outings.
13,1,ğŸš« Reduce alcohol consumption.
13,1,âœ… Keep up the good work!
10,1,ğŸ“š Increase study time. | ğŸ” Revise failed subjects. | ğŸ“… Attend more classes. | âš ï¸ Limit social outings. | ğŸš« Reduce alcohol consumption.
11,1,ğŸ“š Increase study time. | âš ï¸ Limit social outings. | ğŸš« Reduce alcohol consumption.
13,1,ğŸ“š Increase study time. | ğŸ“… Attend more classes. | âš ï¸ Limit social outings. | ğŸš« Reduce alcohol consumption.
10,1,ğŸ“… Attend more classes. | âš ï¸ Limit social outings.
15,1,âœ… Keep up the good work!
15,1,âœ… Keep up the good work!
9,0,âœ… Keep up the good work!
16,1,âœ… Keep up the good work!
11,1,ğŸ“… Attend more classes. | âš ï¸ Limit social outings. | ğŸš« Reduce alcohol consumption.
11,1,ğŸ“š Increase study time. | ğŸ“… Attend more classes. | âš ï¸ Limit social outings. | ğŸš« Reduce alcohol consumption.
9,0,âœ… Keep up the good work!
9,0,âš ï¸ Limit social outings. | ğŸš« Reduce alcohol consumption.
10,1,âš ï¸ Limit social outings. | ğŸš« Reduce alcohol consumption.
15,1,âœ… Keep up the good work!
12,1,ğŸš« Reduce alcohol consumption.
6,0,âœ… Keep up the good work!
8,0,ğŸš« Reduce alcohol consumption.
16,1,ğŸ“… Attend more classes. | ğŸš« Reduce alcohol consumption.
15,1,âœ… Keep up the good work!
10,1,âœ… Keep up the good work!
5,0,ğŸ” Revise failed subjects. | âš ï¸ Limit social outings. | ğŸš« Reduce alcohol consumption.
14,1,ğŸ“š Increase study time.
11,1,ğŸ“… Attend more classes. | ğŸš« Reduce alcohol consumption.
10,1,ğŸ“… Attend more classes. | ğŸš« Reduce alcohol consumption.
10,1,ğŸ“… Attend more classes.
11,1,ğŸš« Reduce alcohol consumption.
10,1,ğŸ“š Increase study time. | ğŸ” Revise failed subjects.
5,0,ğŸ“… Attend more classes.
12,1,ğŸ“š Increase study time. | ğŸš« Reduce alcohol consumption.
11,1,âœ… Keep up the good work!
6,0,ğŸ“… Attend more classes. | âš ï¸ Limit social outings.
15,1,ğŸš« Reduce alcohol consumption.
10,1,ğŸš« Reduce alcohol consumption.
8,0,ğŸ” Revise failed subjects. | ğŸ“… Attend more classes. | âš ï¸ Limit social outings. | ğŸš« Reduce alcohol consumption.
6,0,âš ï¸ Limit social outings.
14,1,ğŸš« Reduce alcohol consumption.
10,1,ğŸ” Revise failed subjects. | ğŸ“… Attend more classes.
7,0,ğŸ“… Attend more classes. | ğŸš« Reduce alcohol consumption.
8,0,ğŸš« Reduce alcohol consumption.
18,1,ğŸ“š Increase study time. | âš ï¸ Limit social outings. | ğŸš« Reduce alcohol consumption.
6,0,ğŸš« Reduce alcohol consumption.
10,1,âœ… Keep up the good work!
14,1,ğŸ“… Attend more classes. | âš ï¸ Limit social outings.
10,1,ğŸ” Revise failed subjects.
15,1,ğŸ“š Increase study time.
10,1,âš ï¸ Limit social outings.
14,1,ğŸ“š Increase study time. | ğŸ“… Attend more classes. | âš ï¸ Limit social outings.
8,0,âš ï¸ Limit social outings.
5,0,ğŸ“š Increase study time. | ğŸ“… Attend more classes. | âš ï¸ Limit social outings. | ğŸš« Reduce alcohol consumption.
17,1,âœ… Keep up the good work!
14,1,ğŸ“š Increase study time.
6,0,ğŸ“… Attend more classes. | âš ï¸ Limit social outings.
18,1,âš ï¸ Limit social outings.
11,1,ğŸ“… Attend more classes.
8,0,ğŸ“… Attend more classes.
18,1,âœ… Keep up the good work!
13,1,ğŸ“… Attend more classes. | âš ï¸ Limit social outings. | ğŸš« Reduce alcohol consumption.
16,1,âš ï¸ Limit social outings.
19,1,ğŸ“š Increase study time. | ğŸ“… Attend more classes.
10,1,ğŸ” Revise failed subjects.
13,1,ğŸ” Revise failed subjects. | ğŸ“… Attend more classes.
19,1,ğŸ“š Increase study time. | ğŸ“… Attend more classes.
9,0,ğŸ“… Attend more classes.
16,1,âš ï¸ Limit social outings.
14,1,âœ… Keep up the good work!
13,1,ğŸ“š Increase study time.
8,0,ğŸ” Revise failed subjects. | ğŸ“… Attend more classes. | âš ï¸ Limit social outings. | ğŸš« Reduce alcohol consumption.
13,1,ğŸ“š Increase study time. | ğŸ“… Attend more classes.
15,1,âœ… Keep up the good work!
15,1,ğŸ“… Attend more classes. | âš ï¸ Limit social outings.
13,1,âœ… Keep up the good work!
13,1,ğŸ“š Increase study time. | ğŸ“… Attend more classes. | âš ï¸ Limit social outings. | ğŸš« Reduce alcohol consumption.
8,0,âš ï¸ Limit social outings.
12,1,ğŸ“š Increase study time. | âš ï¸ Limit social outings. | ğŸš« Reduce alcohol consumption.
11,1,âœ… Keep up the good work!
9,0,ğŸ” Revise failed subjects.
0,0,ğŸ“š Increase study time. | ğŸ” Revise failed subjects.
18,1,ğŸ“š Increase study time. | ğŸ“… Attend more classes. | âš ï¸ Limit social outings. | ğŸš« Reduce alcohol consumption.
0,0,ğŸ” Revise failed subjects.
0,0,ğŸ“š Increase study time.
12,1,ğŸ“š Increase study time. | ğŸ“… Attend more classes. | âš ï¸ Limit social outings. | ğŸš« Reduce alcohol consumption.
11,1,ğŸ“š Increase study time. | ğŸ“… Attend more classes. | ğŸš« Reduce alcohol consumption.
0,0,âœ… Keep up the good work!
0,0,âœ… Keep up the good work!
0,0,âš ï¸ Limit social outings. | ğŸš« Reduce alcohol consumption.
0,0,ğŸ“š Increase study time. | ğŸ” Revise failed subjects.
12,1,ğŸ” Revise failed subjects. | âš ï¸ Limit social outings. | ğŸš« Reduce alcohol consumption.
15,1,ğŸ“š Increase study time.
0,0,âœ… Keep up the good work!
9,0,ğŸ“š Increase study time. | ğŸ” Revise failed subjects. | ğŸ“… Attend more classes.
11,1,âœ… Keep up the good work!
13,1,ğŸ“š Increase study time. | âš ï¸ Limit social outings. | ğŸš« Reduce alcohol consumption.
0,0,ğŸ“š Increase study time. | ğŸ” Revise failed subjects. | âš ï¸ Limit social outings.
11,1,âœ… Keep up the good work!
0,0,ğŸ” Revise failed subjects.
11,1,âœ… Keep up the good work!
0,0,ğŸ“š Increase study time.
10,1,ğŸ“š Increase study time. | ğŸ” Revise failed subjects. | âš ï¸ Limit social outings. | ğŸš« Reduce alcohol consumption.
0,0,ğŸ“š Increase study time. | ğŸ” Revise failed subjects. | âš ï¸ Limit social outings. | ğŸš« Reduce alcohol consumption.
14,1,ğŸ“š Increase study time. | ğŸ” Revise failed subjects. | ğŸ“… Attend more classes. | âš ï¸ Limit social outings. | ğŸš« Reduce alcohol consumption.
10,1,ğŸ” Revise failed subjects. | ğŸ“… Attend more classes. | ğŸš« Reduce alcohol consumption.
0,0,ğŸ“š Increase study time. | ğŸ” Revise failed subjects. | âš ï¸ Limit social outings.
12,1,ğŸ“š Increase study time.
8,0,âš ï¸ Limit social outings.
13,1,ğŸ“š Increase study time. | ğŸ“… Attend more classes. | ğŸš« Reduce alcohol consumption.
10,1,ğŸ“š Increase study time. | ğŸ” Revise failed subjects. | ğŸ“… Attend more classes. | âš ï¸ Limit social outings. | ğŸš« Reduce alcohol consumption.
15,1,ğŸ“š Increase study time.
12,1,ğŸ” Revise failed subjects. | âš ï¸ Limit social outings. | ğŸš« Reduce alcohol consumption.
0,0,ğŸ“š Increase study time. | ğŸ” Revise failed subjects.
7,0,ğŸ” Revise failed subjects. | ğŸ“… Attend more classes. | âš ï¸ Limit social outings. | ğŸš« Reduce alcohol consumption.
0,0,ğŸ“š Increase study time. | ğŸ” Revise failed subjects. | âš ï¸ Limit social outings. | ğŸš« Reduce alcohol consumption.
10,1,ğŸ“š Increase study time. | ğŸš« Reduce alcohol consumption.
7,0,ğŸ” Revise failed subjects. | âš ï¸ Limit social outings. | ğŸš« Reduce alcohol consumption.
12,1,ğŸ“š Increase study time. | ğŸ” Revise failed subjects. | ğŸ“… Attend more classes.
10,1,âš ï¸ Limit social outings. | ğŸš« Reduce alcohol consumption.
16,1,âœ… Keep up the good work!
0,0,âš ï¸ Limit social outings.
14,1,âœ… Keep up the good work!
0,0,ğŸ“š Increase study time. | ğŸ” Revise failed subjects. | âš ï¸ Limit social outings. | ğŸš« Reduce alcohol consumption.
16,1,âœ… Keep up the good work!
10,1,âš ï¸ Limit social outings. | ğŸš« Reduce alcohol consumption.
0,0,ğŸ” Revise failed subjects. | âš ï¸ Limit social outings.
9,0,âš ï¸ Limit social outings.
9,0,âš ï¸ Limit social outings. | ğŸš« Reduce alcohol consumption.
11,1,âš ï¸ Limit social outings. | ğŸš« Reduce alcohol consumption.
6,0,âš ï¸ Limit social outings. | ğŸš« Reduce alcohol consumption.
9,0,ğŸ“š Increase study time. | ğŸ“… Attend more classes. | ğŸš« Reduce alcohol consumption.
11,1,âœ… Keep up the good work!
8,0,ğŸ“… Attend more classes. | ğŸš« Reduce alcohol consumption.
12,1,âœ… Keep up the good work!
17,1,ğŸš« Reduce alcohol consumption.
8,0,ğŸ“… Attend more classes. | ğŸš« Reduce alcohol consumption.
12,1,ğŸ“… Attend more classes.
11,1,ğŸ“… Attend more classes. | âš ï¸ Limit social outings. | ğŸš« Reduce alcohol consumption.
11,1,ğŸ“š Increase study time.
15,1,âœ… Keep up the good work!
9,0,ğŸ“… Attend more classes. | ğŸš« Reduce alcohol consumption.
10,1,ğŸš« Reduce alcohol consumption.
13,1,ğŸ“… Attend more classes.
9,0,âœ… Keep up the good work!
8,0,ğŸ“… Attend more classes. | âš ï¸ Limit social outings. | ğŸš« Reduce alcohol consumption.
10,1,ğŸ“š Increase study time. | ğŸ“… Attend more classes. | ğŸš« Reduce alcohol consumption.
14,1,ğŸ“š Increase study time.
15,1,âœ… Keep up the good work!
16,1,ğŸ“š Increase study time.
10,1,ğŸ“š Increase study time. | ğŸ“… Attend more classes. | âš ï¸ Limit social outings. | ğŸš« Reduce alcohol consumption.
18,1,ğŸ“š Increase study time. | ğŸ” Revise failed subjects. | ğŸ“… Attend more classes. | âš ï¸ Limit social outings. | ğŸš« Reduce alcohol consumption.
10,1,âœ… Keep up the good work!
16,1,âš ï¸ Limit social outings. | ğŸš« Reduce alcohol consumption.
10,1,ğŸ“… Attend more classes. | ğŸš« Reduce alcohol consumption.
10,1,âš ï¸ Limit social outings. | ğŸš« Reduce alcohol consumption.
6,0,ğŸ“š Increase study time. | ğŸ“… Attend more classes.
11,1,ğŸ“… Attend more classes. | âš ï¸ Limit social outings.
9,0,ğŸ” Revise failed subjects. | ğŸ“… Attend more classes. | ğŸš« Reduce alcohol consumption.
7,0,ğŸ” Revise failed subjects.
13,1,ğŸ“… Attend more classes.
10,1,ğŸ“š Increase study time. | ğŸ“… Attend more classes. | ğŸš« Reduce alcohol consumption.
7,0,ğŸ“… Attend more classes.
8,0,ğŸ“… Attend more classes.
13,1,ğŸ“… Attend more classes. | âš ï¸ Limit social outings. | ğŸš« Reduce alcohol consumption.
14,1,âš ï¸ Limit social outings.
8,0,ğŸ” Revise failed subjects. | ğŸ“… Attend more classes. | âš ï¸ Limit social outings. | ğŸš« Reduce alcohol consumption.
10,1,ğŸ“š Increase study time. | ğŸ“… Attend more classes.
15,1,âš ï¸ Limit social outings. | ğŸš« Reduce alcohol consumption.
4,0,ğŸ” Revise failed subjects. | ğŸ“… Attend more classes. | âš ï¸ Limit social outings. | ğŸš« Reduce alcohol consumption.
8,0,ğŸ” Revise failed subjects. | ğŸ“… Attend more classes. | âš ï¸ Limit social outings. | ğŸš« Reduce alcohol consumption.
8,0,ğŸ“š Increase study time. | ğŸš« Reduce alcohol consumption.
10,1,âœ… Keep up the good work!
6,0,âš ï¸ Limit social outings.
0,0,ğŸ” Revise failed subjects. | âš ï¸ Limit social outings.
17,1,âœ… Keep up the good work!
13,1,ğŸš« Reduce alcohol consumption.
14,1,âœ… Keep up the good work!
7,0,ğŸ” Revise failed subjects. | ğŸ“… Attend more classes.
15,1,ğŸ“… Attend more classes. | âš ï¸ Limit social outings. | ğŸš« Reduce alcohol consumption.
12,1,ğŸš« Reduce alcohol consumption.
9,0,ğŸ“… Attend more classes. | ğŸš« Reduce alcohol consumption.
12,1,ğŸ“… Attend more classes.
14,1,ğŸ“… Attend more classes.
11,1,âœ… Keep up the good work!
9,0,ğŸ“… Attend more classes. | âš ï¸ Limit social outings. | ğŸš« Reduce alcohol consumption.
13,1,âš ï¸ Limit social outings. | ğŸš« Reduce alcohol consumption.
6,0,ğŸ“… Attend more classes.
10,1,ğŸ“… Attend more classes. | ğŸš« Reduce alcohol consumption.
13,1,ğŸš« Reduce alcohol consumption.
12,1,ğŸ“š Increase study time. | ğŸ“… Attend more classes.
11,1,âœ… Keep up the good work!
0,0,ğŸ” Revise failed subjects. | âš ï¸ Limit social outings. | ğŸš« Reduce alcohol consumption.
12,1,ğŸ“… Attend more classes. | âš ï¸ Limit social outings. | ğŸš« Reduce alcohol consumption.
12,1,ğŸš« Reduce alcohol consumption.
0,0,ğŸ“š Increase study time. | âš ï¸ Limit social outings.
12,1,ğŸ“š Increase study time.
0,0,âš ï¸ Limit social outings.
18,1,ğŸ“š Increase study time. | ğŸ“… Attend more classes.
13,1,ğŸ“š Increase study time.
8,0,ğŸ“š Increase study time. | ğŸ” Revise failed subjects. | ğŸ“… Attend more classes. | âš ï¸ Limit social outings. | ğŸš« Reduce alcohol consumption.
5,0,ğŸ” Revise failed subjects. | ğŸ“… Attend more classes. | ğŸš« Reduce alcohol consumption.
15,1,ğŸ“š Increase study time. | ğŸš« Reduce alcohol consumption.
8,0,ğŸ“š Increase study time. | ğŸ” Revise failed subjects. | âš ï¸ Limit social outings. | ğŸš« Reduce alcohol consumption.
10,1,ğŸ“… Attend more classes. | ğŸš« Reduce alcohol consumption.
8,0,ğŸ“š Increase study time. | ğŸ” Revise failed subjects. | âš ï¸ Limit social outings. | ğŸš« Reduce alcohol consumption.
8,0,ğŸ“š Increase study time. | ğŸš« Reduce alcohol consumption.
12,1,ğŸ“š Increase study time. | ğŸš« Reduce alcohol consumption.
8,0,ğŸ“š Increase study time. | ğŸ” Revise failed subjects. | âš ï¸ Limit social outings.
13,1,ğŸ“… Attend more classes.
11,1,ğŸ“… Attend more classes.
14,1,ğŸ“… Attend more classes. | âš ï¸ Limit social outings.
0,0,âœ… Keep up the good work!
18,1,ğŸ“… Attend more classes. | ğŸš« Reduce alcohol consumption.
8,0,âœ… Keep up the good work!
12,1,âœ… Keep up the good work!
9,0,âœ… Keep up the good work!
0,0,âœ… Keep up the good work!
17,1,ğŸ“… Attend more classes. | âš ï¸ Limit social outings. | ğŸš« Reduce alcohol consumption.
10,1,âš ï¸ Limit social outings. | ğŸš« Reduce alcohol consumption.
11,1,ğŸ“… Attend more classes. | âš ï¸ Limit social outings.
10,1,ğŸ“… Attend more classes. | âš ï¸ Limit social outings. | ğŸš« Reduce alcohol consumption.
0,0,âš ï¸ Limit social outings.
9,0,ğŸ” Revise failed subjects. | ğŸ“… Attend more classes. | âš ï¸ Limit social outings. | ğŸš« Reduce alcohol consumption.
14,1,âš ï¸ Limit social outings. | ğŸš« Reduce alcohol consumption.
11,1,âœ… Keep up the good work!
14,1,âœ… Keep up the good work!
10,1,âœ… Keep up the good work!
12,1,ğŸ“… Attend more classes. | âš ï¸ Limit social outings. | ğŸš« Reduce alcohol consumption.
9,0,ğŸ“… Attend more classes.
9,0,ğŸ“š Increase study time. | ğŸ“… Attend more classes. | âš ï¸ Limit social outings. | ğŸš« Reduce alcohol consumption.
8,0,ğŸ” Revise failed subjects. | ğŸ“… Attend more classes. | âš ï¸ Limit social outings.
10,1,ğŸ“š Increase study time. | ğŸ“… Attend more classes.
8,0,ğŸ“š Increase study time. | ğŸ“… Attend more classes. | âš ï¸ Limit social outings. | ğŸš« Reduce alcohol consumption.
10,1,ğŸ“š Increase study time. | ğŸ” Revise failed subjects. | ğŸ“… Attend more classes. | âš ï¸ Limit social outings. | ğŸš« Reduce alcohol consumption.
12,1,âœ… Keep up the good work!
10,1,âš ï¸ Limit social outings.
11,1,âš ï¸ Limit social outings.
11,1,âœ… Keep up the good work!
19,1,âœ… Keep up the good work!
12,1,ğŸ“… Attend more classes.
14,1,ğŸ“… Attend more classes. | âš ï¸ Limit social outings. | ğŸš« Reduce alcohol consumption.
15,1,ğŸ“… Attend more classes.
11,1,ğŸ“… Attend more classes. | ğŸš« Reduce alcohol consumption.
15,1,âœ… Keep up the good work!
13,1,ğŸ” Revise failed subjects. | ğŸ“… Attend more classes.
18,1,ğŸ“… Attend more classes.
14,1,ğŸ“… Attend more classes.
11,1,ğŸ“š Increase study time. | ğŸš« Reduce alcohol consumption.
0,0,âš ï¸ Limit social outings. | ğŸš« Reduce alcohol consumption.
8,0,ğŸ“… Attend more classes. | âš ï¸ Limit social outings.
14,1,âœ… Keep up the good work!
16,1,ğŸ“š Increase study time.
11,1,ğŸ“… Attend more classes. | âš ï¸ Limit social outings.
10,1,ğŸ“š Increase study time.
14,1,âœ… Keep up the good work!
18,1,âœ… Keep up the good work!
13,1,ğŸ” Revise failed subjects. | ğŸ“… Attend more classes. | âš ï¸ Limit social outings.
12,1,ğŸ” Revise failed subjects. | ğŸ“… Attend more classes.
18,1,ğŸ“š Increase study time.
8,0,ğŸ“š Increase study time. | ğŸ” Revise failed subjects. | ğŸ“… Attend more classes. | âš ï¸ Limit social outings.
12,1,ğŸ” Revise failed subjects.
10,1,ğŸ” Revise failed subjects. | ğŸ“… Attend more classes. | ğŸš« Reduce alcohol consumption.
0,0,ğŸ” Revise failed subjects. | âš ï¸ Limit social outings.
13,1,ğŸ“… Attend more classes.
11,1,ğŸ” Revise failed subjects.
11,1,ğŸ” Revise failed subjects. | ğŸ“… Attend more classes.
13,1,ğŸ” Revise failed subjects. | ğŸ“… Attend more classes.
11,1,ğŸ” Revise failed subjects. | ğŸ“… Attend more classes.
0,0,âœ… Keep up the good work!
9,0,ğŸ“… Attend more classes. | âš ï¸ Limit social outings.
10,1,âš ï¸ Limit social outings. | ğŸš« Reduce alcohol consumption.
11,1,âš ï¸ Limit social outings. | ğŸš« Reduce alcohol consumption.
13,1,ğŸ“… Attend more classes.
9,0,ğŸ“… Attend more classes.
11,1,âœ… Keep up the good work!
15,1,ğŸš« Reduce alcohol consumption.
15,1,ğŸš« Reduce alcohol consumption.
11,1,âœ… Keep up the good work!
16,1,ğŸ“š Increase study time. | âš ï¸ Limit social outings. | ğŸš« Reduce alcohol consumption.
10,1,ğŸ“š Increase study time. | ğŸ“… Attend more classes. | âš ï¸ Limit social outings. | ğŸš« Reduce alcohol consumption.
9,0,ğŸ“… Attend more classes. | âš ï¸ Limit social outings. | ğŸš« Reduce alcohol consumption.
14,1,âœ… Keep up the good work!
8,0,âš ï¸ Limit social outings. | ğŸš« Reduce alcohol consumption.
14,1,ğŸ“… Attend more classes.
0,0,âš ï¸ Limit social outings.
0,0,âœ… Keep up the good work!
0,0,âš ï¸ Limit social outings.
15,1,ğŸ“… Attend more classes. | âš ï¸ Limit social outings. | ğŸš« Reduce alcohol consumption.
13,1,ğŸ” Revise failed subjects. | ğŸ“… Attend more classes.
0,0,ğŸš« Reduce alcohol consumption.
17,1,ğŸ“… Attend more classes.
10,1,ğŸš« Reduce alcohol consumption.
11,1,ğŸ” Revise failed subjects. | âš ï¸ Limit social outings. | ğŸš« Reduce alcohol consumption.
0,0,ğŸ” Revise failed subjects.
15,1,ğŸ“… Attend more classes. | ğŸš« Reduce alcohol consumption.
0,0,ğŸ” Revise failed subjects.
10,1,âœ… Keep up the good work!
14,1,ğŸ“… Attend more classes. | ğŸš« Reduce alcohol consumption.
16,1,ğŸ“… Attend more classes.
9,0,âš ï¸ Limit social outings. | ğŸš« Reduce alcohol consumption.
15,1,ğŸš« Reduce alcohol consumption.
13,1,ğŸ“š Increase study time. | ğŸ” Revise failed subjects. | ğŸ“… Attend more classes. | âš ï¸ Limit social outings. | ğŸš« Reduce alcohol consumption.
8,0,ğŸ” Revise failed subjects. | ğŸ“… Attend more classes. | âš ï¸ Limit social outings. | ğŸš« Reduce alcohol consumption.
13,1,âš ï¸ Limit social outings. | ğŸš« Reduce alcohol consumption.
8,0,ğŸ“š Increase study time. | ğŸ” Revise failed subjects. | ğŸ“… Attend more classes. | ğŸš« Reduce alcohol consumption.
8,0,ğŸ“š Increase study time. | ğŸ” Revise failed subjects. | âš ï¸ Limit social outings. | ğŸš« Reduce alcohol consumption.
11,1,âš ï¸ Limit social outings. | ğŸš« Reduce alcohol consumption.
9,0,âš ï¸ Limit social outings.
13,1,âœ… Keep up the good work!
11,1,âœ… Keep up the good work!
10,1,ğŸ“š Increase study time.
16,1,âœ… Keep up the good work!
13,1,âš ï¸ Limit social outings. | ğŸš« Reduce alcohol consumption.
12,1,ğŸ” Revise failed subjects. | ğŸš« Reduce alcohol consumption.
10,1,ğŸš« Reduce alcohol consumption.
15,1,âš ï¸ Limit social outings.
12,1,âœ… Keep up the good work!
10,1,âš ï¸ Limit social outings. | ğŸš« Reduce alcohol consumption.
13,1,âœ… Keep up the good work!
0,0,ğŸ“š Increase study time. | ğŸ” Revise failed subjects.
10,1,ğŸ“š Increase study time.
11,1,ğŸ“… Attend more classes. | ğŸš« Reduce alcohol consumption.
9,0,ğŸ” Revise failed subjects.
12,1,ğŸ“š Increase study time. | ğŸš« Reduce alcohol consumption.
11,1,ğŸ“… Attend more classes.
5,0,ğŸ“š Increase study time. | ğŸ“… Attend more classes. | âš ï¸ Limit social outings. | ğŸš« Reduce alcohol consumption.
19,1,âš ï¸ Limit social outings.
10,1,âœ… Keep up the good work!
15,1,ğŸ” Revise failed subjects.
10,1,ğŸš« Reduce alcohol consumption.
15,1,âœ… Keep up the good work!
10,1,ğŸ“… Attend more classes. | âš ï¸ Limit social outings. | ğŸš« Reduce alcohol consumption.
14,1,âš ï¸ Limit social outings. | ğŸš« Reduce alcohol consumption.
7,0,ğŸ“š Increase study time. | ğŸš« Reduce alcohol consumption.
10,1,âœ… Keep up the good work!
0,0,ğŸ“š Increase study time. | ğŸ” Revise failed subjects. | ğŸš« Reduce alcohol consumption.
5,0,ğŸ“š Increase study time. | ğŸ” Revise failed subjects. | ğŸ“… Attend more classes. | ğŸš« Reduce alcohol consumption.
10,1,ğŸš« Reduce alcohol consumption.
6,0,ğŸ“š Increase study time. | ğŸ“… Attend more classes.
0,0,ğŸ” Revise failed subjects.
8,0,âš ï¸ Limit social outings.
0,0,ğŸ” Revise failed subjects.
9,0,ğŸ” Revise failed subjects. | ğŸ“… Attend more classes. | âš ï¸ Limit social outings. | ğŸš« Reduce alcohol consumption.
16,1,ğŸ“š Increase study time. | âš ï¸ Limit social outings. | ğŸš« Reduce alcohol consumption.
7,0,ğŸ“š Increase study time. | ğŸ” Revise failed subjects. | ğŸš« Reduce alcohol consumption.
10,1,ğŸ“š Increase study time. | ğŸš« Reduce alcohol consumption.
9,0,ğŸ“š Increase study time. | ğŸš« Reduce alcohol consumption.
